"CVE","Vendor","Product","Type","Description","Date Discovered","Date Patched","Advisory"
"CVE-2023-21674","Microsoft","Windows","Memory Corruption","ALPC elevation of privilege","???","2023-01-10","https://msrc.microsoft.com/update-guide/en-US/vulnerability/CVE-2023-21674"
"CVE-2023-23529","Apple","WebKit","Memory Corruption","Type confusion","???","2023-02-13","https://support.apple.com/en-us/HT213638"
"CVE-2023-21823","Microsoft","Windows","Memory Corruption","Windows Graphics Component RCE","???","2023-02-14","https://msrc.microsoft.com/update-guide/en-US/vulnerability/CVE-2023-21823"
"CVE-2023-23376","Microsoft","Windows","Memory Corruption","Common Log File System Driver EoP","???","2023-02-14","https://msrc.microsoft.com/update-guide/en-US/vulnerability/CVE-2023-23376"
"CVE-2023-20963","Google","Android","Logic/Design Flaw","Framework vulnerability in Parcels","???","2023-03-06","https://source.android.com/docs/security/bulletin/2023-03-01"
"CVE-2023-23397","Microsoft","Outlook","Logic/Design Flaw","Outlook Elevation of Privilege","???","2023-03-14","https://msrc.microsoft.com/update-guide/vulnerability/CVE-2023-23397"
"CVE-2023-21768","Microsoft","Windows","Memory Corruption","AFD for WinSock Elevation of Privilege","???","2023-03-14","https://msrc.microsoft.com/update-guide/vulnerability/CVE-2023-21768"
"CVE-2023-0266","Google","Android","Memory Corruption","Race condition in the Linux kernel sound subsystem","2023-01-12","2023-05-01","https://source.android.com/docs/security/bulletin/2023-05-01#2023-05-05-security-patch-level-vulnerability-details"
"CVE-2023-26083","ARM","Android","Memory Corruption","Information leak in Mali GPU","2023-01-12","2023-03-31","https://developer.arm.com/Arm%20Security%20Center/Mali%20GPU%20Driver%20Vulnerabilities"
"CVE-2023-28206","Apple ","iOS","Memory Corruption","Out-of-bounds write in IOSurfaceAccelerator","???","2023-04-07","https://support.apple.com/en-us/102795"
"CVE-2023-28205","Apple","WebKit","Memory Corruption","Use-after-free in WebKit","???","2023-04-07","https://support.apple.com/en-us/102795"
"CVE-2023-28252","Microsoft","Windows","Memory Corruption","Common Log File System Driver Elevation of Privilege","???","2023-04-11","https://msrc.microsoft.com/update-guide/vulnerability/CVE-2023-28252"
"CVE-2023-2033","Google","Chrome","Memory Corruption","Type confusion in V8","2023-04-11","2023-04-14","https://chromereleases.googleblog.com/2023/04/stable-channel-update-for-desktop_14.html"
"CVE-2023-2136","Google","Chrome","Memory Corruption","Integer overflow in Skia","2023-04-12","2023-04-18","https://chromereleases.googleblog.com/2023/04/stable-channel-update-for-desktop_18.html"
"CVE-2023-21492","Samsung","Android","Logic/Design Flaw","Kernel pointers exposure in log file","2021-01-17","2023-05-01","https://security.samsungmobile.com/securityUpdate.smsb"
"CVE-2023-28204","Apple","WebKit","Memory Corruption","Out-of-bounds read","???","2023-05-01","https://support.apple.com/en-us/HT213757"
"CVE-2023-32373","Apple","WebKit","Memory Corruption","Use-after-free in WebKit","???","2023-05-01","https://support.apple.com/en-us/HT213757"
"CVE-2023-29336","Microsoft","Windows","Memory Corruption","Win32k Elevation of Privilege","???","2023-05-09","https://msrc.microsoft.com/update-guide/vulnerability/CVE-2023-29336"
"CVE-2023-32409","Apple","WebKit","Memory Corruption","WebContext sandbox escape","???","2023-05-18","https://support.apple.com/en-us/HT213757"
"CVE-2023-2868","Barracuda","Email Security Gateway","Logic/Design Flaw","Remote command injection due to incomplete input validation","2023-05-18","2023-05-30","https://www.barracuda.com/company/legal/esg-vulnerability"
"CVE-2023-3079","Google","Chrome","Memory Corruption","Type confusion in V8","2023-06-01","2023-06-05","https://chromereleases.googleblog.com/2023/06/stable-channel-update-for-desktop.html"
"CVE-2023-32434","Apple","iOS","Memory Corruption","Integer overflow in the XNU kernel","???","2023-06-21","https://support.apple.com/en-us/HT213814"
"CVE-2023-32435","Apple","WebKit","Memory Corruption","Unspecified memory corruption affecting iOS 15.7.6","???","2023-06-21","https://support.apple.com/en-us/HT213811"
"CVE-2023-32439","Apple","WebKit","Memory Corruption","Type confusion ","???","2023-06-21","https://support.apple.com/en-us/HT213814"
"CVE-2023-37450","Apple","WebKit","Memory Corruption","Unspecified memory corruption ","???","2023-07-10","https://support.apple.com/en-us/HT213823"
"CVE-2023-32046","Microsoft","Windows","Memory Corruption","MSHTML Platform Elevation of Privilege","???","2023-07-11","https://msrc.microsoft.com/update-guide/vulnerability/CVE-2023-32046"
"CVE-2023-36874","Microsoft","Windows","Logic/Design Flaw","Windows Error Reporting Service Elevation of Privilege","2023-06-30","2023-07-11","https://msrc.microsoft.com/update-guide/vulnerability/CVE-2023-36874"
"CVE-2023-36884","Microsoft","Windows","Logic/Design Flaw","Office and Windows HTML Remote Code Execution","2023-07-05","2023-08-08","https://msrc.microsoft.com/update-guide/vulnerability/CVE-2023-36884"
"CVE-2023-37580","Synacor","Zimbra","XSS","Reflected XSS in /m/moveto","2023-06-29","2023-07-26","https://wiki.zimbra.com/wiki/Zimbra_Releases/8.8.15/P41"
"CVE-2023-38606","Apple","iOS","Memory Corruption","Unspecified kernel vulnerability against pre-iOS 15.7.1","???","2023-07-24","https://support.apple.com/en-us/HT213841"
"CVE-2023-41990","Apple","iOS","Memory Corruption","TrueType font remote code execution in iOS 15.7","???","2023-07-24","https://support.apple.com/en-us/HT213842"
"CVE-2023-38831","WinRAR","WinRAR","Logic/Design Flaw","Issue in the processing of the ZIP format","2023-07-10","2023-08-02","https://www.win-rar.com/singlenewsview.html?&L=0&tx_ttnews%5Btt_news%5D=232&cHash=c5bf79590657e32554c6683296a8e8aa"
"CVE-2023-35674","Google","Android","Logic/Design Flaw","Ability to launch background activities due to logic error","???","2023-09-05","https://source.android.com/docs/security/bulletin/2023-09-01"
"CVE-2023-4762","Google","Chrome","Memory Corruption","Type confusion in V8","2023-08-16","2023-09-05","https://chromereleases.googleblog.com/2023/09/stable-channel-update-for-desktop.html"
"CVE-2023-41064","Apple","iOS","Memory Corruption","Buffer overflow in ImageIO","???","2023-09-07","https://support.apple.com/en-us/HT213905"
"CVE-2023-41061","Apple","iOS","Memory Corruption","A validation issue in Wallet","???","2023-09-07","https://support.apple.com/en-us/HT213905"
"CVE-2023-4863","Google","Chrome","Memory Corruption","Heap buffer overflow in WebP","2023-09-06","2023-09-12","https://chromereleases.googleblog.com/2023/09/stable-channel-update-for-desktop_12.html"
"CVE-2023-26369","Adobe","Reader","Memory Corruption","Out-of-bounds write","???","2023-09-12","https://helpx.adobe.com/security/products/acrobat/apsb23-34.html"
"CVE-2023-36802","Microsoft","Windows","Logic/Design Flaw","Streaming service proxy elevation of privilege","???","2023-09-12","https://msrc.microsoft.com/update-guide/en-US/advisory/CVE-2023-36802"
"CVE-2023-36761","Microsoft","Word","???","Information disclosure vulnerability","???","2023-09-12","https://msrc.microsoft.com/update-guide/en-US/advisory/CVE-2023-36761"
"CVE-2023-41992","Apple","iOS","Memory Corruption","Vulnerability in the XNU Kernel","2023-09-12","2023-09-21","https://support.apple.com/en-us/HT213926"
"CVE-2023-41991","Apple","iOS","Logic/Design Flaw","Singature validation bypass","2023-09-12","2023-09-21","https://support.apple.com/en-us/HT213926"
"CVE-2023-41993","Apple","WebKit","Memory Corruption","Unspecified memory corruption","2023-09-12","2023-09-21","https://support.apple.com/en-us/HT213926"
"CVE-2023-5217","Google","Chrome","Memory Corruption","Heap buffer overflow in vp8 encoding in libvpx","2023-09-25","2023-09-27","https://chromereleases.googleblog.com/2023/09/stable-channel-update-for-desktop_27.html"
"CVE-2023-4211","ARM","Android","Memory Corruption","Use-after-free in Mali GPU driver","???","2023-10-02","https://developer.arm.com/Arm%20Security%20Center/Mali%20GPU%20Driver%20Vulnerabilities"
"CVE-2023-33106","Qualcomm","Android","Memory Corruption","Vulnerability in Adreno GPU driver","???","2023-12-04","https://docs.qualcomm.com/product/publicresources/securitybulletin/october-2023-bulletin.html"
"CVE-2023-33107","Qualcomm","Android","Memory Corruption","Vulnerability in Adreno GPU driver","???","2023-12-04","https://docs.qualcomm.com/product/publicresources/securitybulletin/october-2023-bulletin.html"
"CVE-2023-33063","Qualcomm","Android","Memory Corruption","Vulnerability in Adreno GPU driver","???","2023-12-04","https://docs.qualcomm.com/product/publicresources/securitybulletin/october-2023-bulletin.html"
"CVE-2023-42824","Apple","iOS","Memory Corruption","Privilege escalation in Kernel","???","2023-10-04","https://support.apple.com/en-us/HT213961"
"CVE-2023-22515","Atlassian","Confluence","Logic/Design Flaw","Broken access control vulnerability","???","2023-10-04","https://confluence.atlassian.com/security/cve-2023-22515-privilege-escalation-vulnerability-in-confluence-data-center-and-server-1295682276.html"
"CVE-2023-36036","Microsoft","Windows","Memory Corruption","Cloud Files Mini Filter Driver Elevation of Privilege","???","2023-11-14","https://msrc.microsoft.com/update-guide/en-US/advisory/CVE-2023-36036"
"CVE-2023-36033","Microsoft","Windows","Memory Corruption","DWM Core Library Elevation of Privilege","???","2023-11-14","https://msrc.microsoft.com/update-guide/en-US/advisory/CVE-2023-36033"
"CVE-2023-6345","Google","Chrome","Memory Corruption","Integer Overflow in Skia","2023-11-24","2023-11-28","https://chromereleases.googleblog.com/2023/11/stable-channel-update-for-desktop_28.html"
"CVE-2023-42916","Apple","WebKit","Info disclosure","Out of bounds read","???","2023-11-30","https://support.apple.com/en-us/HT214031"
"CVE-2023-42917","Apple","WebKit","Memory Corruption","Unspecified memory corruption","???","2023-11-30","https://support.apple.com/en-us/HT214031"
"CVE-2023-7024","Google","Chrome","Memory Corruption","Heap overflow in WebRTC","2023-12-19","2023-12-20","https://chromereleases.googleblog.com/2023/12/stable-channel-update-for-desktop_20.html"
"CVE-2024-0519","Google","Chrome","Memory Corruption","Out-of-bounds memory access","2024-01-11","2024-01-16","https://chromereleases.googleblog.com/2024/01/stable-channel-update-for-desktop_16.html"
"CVE-2024-23222","Apple","WebKit","Memory Corruption","Type confusion","???","2024-01-22","https://support.apple.com/en-us/HT214059"
"CVE-2024-23225","Apple","iOS","Memory Corruption","Out-of-bounds memory access in Kernel","???","2024-03-05","https://support.apple.com/en-gb/HT214081"
"CVE-2024-23296","Apple","iOS","Memory Corruption","Arbitrary kernel r/w in RTKit","???","2024-03-06","https://support.apple.com/en-gb/HT214081"
"CVE-2024-21338","Microsoft","Windows","Memory Corruption","Out-of-bounds in appid.sys AppLocker driver","???","2024-02-13","https://msrc.microsoft.com/update-guide/vulnerability/CVE-2024-21338"
"CVE-2024-29745","Google","Android","Information Disclosure","Improper input validation within the bootloader ","???","2024-04-02","https://source.android.com/docs/security/bulletin/pixel/2024-04-01"
"CVE-2024-29748","Google","Android","Logic Error","API factory reset can be interrupted with physical access","???","2024-04-02","https://source.android.com/docs/security/bulletin/pixel/2024-04-01"
"CVE-2024-4671","Google","Chrome","Memory Corruption","Use after free in Visuals","2024-05-07","2024-05-09","https://chromereleases.googleblog.com/2024/05/stable-channel-update-for-desktop_9.html"
"CVE-2024-4761","Google","Chrome","Memory Corruption","Out of bounds write in V8","2024-05-09","2024-05-13","https://chromereleases.googleblog.com/2024/05/stable-channel-update-for-desktop_13.html"
"CVE-2024-4947","Google","Chrome","Memory Corruption","Type Confusion in V8","2024-05-13","2024-05-15","https://chromereleases.googleblog.com/2024/05/stable-channel-update-for-desktop_15.html"
"CVE-2024-30051","Microsoft","Windows","Memory Corruption","Heap overflow in DWM Core","???","2024-05-14","https://msrc.microsoft.com/update-guide/en-US/advisory/CVE-2024-30051"
"CVE-2024-5274","Google","Chrome","Memory Corruption","Type Confusion in V8","2024-05-20","2024-05-23","https://chromereleases.googleblog.com/2024/05/stable-channel-update-for-desktop_23.html"
"CVE-2024-4610","ARM","Android","Memory Corruption","Use-after-free in Mali GPU driver","???","2024-06-07","https://developer.arm.com/Arm%20Security%20Center/Mali%20GPU%20Driver%20Vulnerabilities"
"CVE-2024-32896","Google","Android","Logic Error","","???","2024-06-11","https://source.android.com/docs/security/bulletin/pixel/2024-06-01"
"CVE-2024-38080","Microsoft","Windows","Integer overflow","Hyper-V Elevation of Privilege Vulnerability","???","2024-07-09","https://msrc.microsoft.com/update-guide/en-US/advisory/CVE-2024-38080"
"CVE-2024-36971","Google","Android","Memory Corruption","Use after free in Linux kernel","???","2024-08-05","https://source.android.com/docs/security/bulletin/2024-08-01"
"CVE-2024-38178","Microsoft","Windows","Memory Corruption","Scripting Engine Memory Corruption Vulnerability","???","2024-08-13","https://msrc.microsoft.com/update-guide/en-US/advisory/CVE-2024-38178"
"CVE-2024-38106","Microsoft","Windows","","Windows Kernel Elevation of Privilege Vulnerability","???","2024-08-13","https://msrc.microsoft.com/update-guide/vulnerability/CVE-2024-38106"
"CVE-2024-38193","Microsoft","Windows","Memory Corruption","Windows Ancillary Function Driver for WinSock Elevation of Privilege (use after free)","???","2024-08-13","https://msrc.microsoft.com/update-guide/vulnerability/CVE-2024-38193"
"CVE-2024-38107","Microsoft","Windows","Memory Corruption","Windows Power Dependency Coordinator Elevation of Privilege (use after free)","???","2024-08-13","https://msrc.microsoft.com/update-guide/en-US/advisory/CVE-2024-38107"
"CVE-2024-38189","Microsoft","Project","","Microsoft Project Remote Code Execution Vulnerability","???","2024-08-13","https://msrc.microsoft.com/update-guide/vulnerability/CVE-2024-38189"
"CVE-2024-7971","Google","Chrome","Memory Corruption","Type confusion in V8","???","2024-08-21","https://chromereleases.googleblog.com/2024/08/stable-channel-update-for-desktop_21.html"
"CVE-2024-7965","Google","Chrome","Memory Corruption","Inappropriate implementation in V8","???","2024-08-21","https://chromereleases.googleblog.com/2024/08/stable-channel-update-for-desktop_21.html"
"CVE-2024-7262","Kingsoft","WPS Office","Logic Error","Improper path validation","2024-02-29","2024-03-??","https://www.wps.com/whatsnew/pc/20240422/"
"CVE-2024-9680","Mozilla","Firefox","Memory Corruption","Use-after-free in Animation timeline","???","2024-10-09","https://www.mozilla.org/en-US/security/advisories/mfsa2024-51/"
"CVE-2024-43047","Qualcomm","DSP Service","Memory Corruption","Use After Free in DSP Service","2024-07-29","2024-10-07","https://docs.qualcomm.com/product/publicresources/securitybulletin/october-2024-bulletin.html"
"CVE-2024-44068","Samsung","Exynos DSP","Memory Corruption","A Use-After-Free in the mobile processor.","???","2024-10-07","https://googleprojectzero.github.io/0days-in-the-wild/0day-RCAs/2024/CVE-2024-44068.html"
"CVE-2024-49039","Microsoft","Windows","Improper authenticatio","Windows Task Scheduler Elevation of Privilege Vulnerability","???","2024--11-12","https://msrc.microsoft.com/update-guide/vulnerability/CVE-2024-49039"
"CVE-2024-44308","Apple","WebKit","Memory Corruption","Input validation error","???","2024-11-19","https://support.apple.com/en-us/121752"
"CVE-2024-44309","Apple","WebKit","Logic Error","Universal cross-site scripting","???","2024-11-19","https://support.apple.com/en-us/121752"
"CVE-2024-43093","Google","Android","Logic Error","Improper URI validation","???","2024-11-04","https://source.android.com/docs/security/bulletin/2024-11-01"
"CVE-2024-49138","Microsoft","Windows","Memory Corruption","Windows Common Log File System Driver Elevation of Privilege Vulnerability","???","2024-12-10","https://msrc.microsoft.com/update-guide/en-US/advisory/CVE-2024-49138"
"CVE-2024-53104","Google","Android","Memory Corruption","OOB write in uvcvideo","2024-11-07","2025-02-01","https://source.android.com/docs/security/bulletin/2025-02-01"
"CVE-2024-50302","Google","Android","Memory Corruption","HID core information leak","2024-10-29","2025-03-01","https://source.android.com/docs/security/bulletin/2025-03-01"
"CVE-2024-53197","Google","Android","Memory Corruption","OOB free in ALSA USB","2024-11-20","2025-04-01","https://source.android.com/docs/security/bulletin/2025-04-01"
"CVE-2024-53150","Google","Android","Memory Corruption","OOB read in ALSA USB","2024-11-25","2025-04-01","https://source.android.com/docs/security/bulletin/2025-04-01"
"CVE-2025-24085","Apple","iOS","Memory Corruption","Use after free in CoreMedia","???","2025-01-27","https://support.apple.com/en-us/122066"
"CVE-2025-24200","Apple","iOS","Security Feature Bypass","A physical attack may disable USB Restricted Mode","???","2025-02-10","https://support.apple.com/en-us/122174"
"CVE-2025-21391","Microsoft","Windows","Logic Error","Windows Storage Elevation of Privilege Vulnerability","???","2025-02-11","https://msrc.microsoft.com/update-guide/en-US/advisory/CVE-2025-21391"
"CVE-2025-21418","Microsoft","Windows","Memory Corruption","Windows Ancillary Function Driver for WinSock Elevation of Privilege Vulnerability","???","2025-02-11","https://msrc.microsoft.com/update-guide/en-US/advisory/CVE-2025-21418"
"CVE-2025-24201","Apple","WebKit","Memory Corruption","OOB write","???","2025-03-11","https://support.apple.com/en-us/122281"
"CVE-2025-26633","Microsoft","Windows","Security Feature Bypass","Microsoft Management Console Security Feature Bypass","???","2025-03-11","https://msrc.microsoft.com/update-guide/vulnerability/CVE-2025-26633"
"CVE-2025-24993","Microsoft","Windows","Memory Corruption","Windows NTFS Remote Code Execution Vulnerability","???","2025-03-11","https://msrc.microsoft.com/update-guide/vulnerability/CVE-2025-24993"
"CVE-2025-24985","Microsoft","Windows","Memory Corruption","Windows Fast FAT File System Driver Remote Code Execution Vulnerability","???","2025-03-11","https://msrc.microsoft.com/update-guide/vulnerability/CVE-2025-24985"
"CVE-2025-24983","Microsoft","Windows","Memory Corruption","Windows Win32 Kernel Subsystem Elevation of Privilege Vulnerability","???","2025-03-11","https://msrc.microsoft.com/update-guide/vulnerability/CVE-2025-24983"
"CVE-2025-24984","Microsoft","Windows","Information Disclosure","Windows NTFS Information Disclosure Vulnerability","???","2025-03-11","https://msrc.microsoft.com/update-guide/vulnerability/CVE-2025-24984"
"CVE-2025-24991","Microsoft","Windows","Information Disclosure","Windows NTFS Information Disclosure Vulnerability","???","2025-03-11","https://msrc.microsoft.com/update-guide/vulnerability/CVE-2025-24991"
"CVE-2025-22225","VMWare","VMware ESXi ","Memory Corruption","OOB VMware ESXi ","???","2025-03-04","https://support.broadcom.com/web/ecx/support-content-notification/-/external/content/SecurityAdvisories/0/25390"
"CVE-2025-27363","FreeType","FreeType","Memory Corruption","OOB write","???","2025-03-11","https://www.facebook.com/security/advisories/cve-2025-27363"
"CVE-2025-2783","Google","Chrome","Logic Error","Windows Chrome sandbox escape","???","2025-03-25","https://chromereleases.googleblog.com/2025/03/stable-channel-update-for-desktop_25.html"
"CVE-2025-31200","Apple","iOS","Memory Corruption","Memory Corruption in CoreAudio","???","2025-04-16","https://support.apple.com/en-gb/122282"
"CVE-2025-31201","Apple","iOS","PAC bypass","Arbitrary read and write","???","2025-04-16","https://support.apple.com/en-gb/122282"
"CVE-2025-29824","Microsoft","Windows","Memory Corruption","Windows Common Log File System Driver Elevation of Privilege Vulnerability","???","2025-04-08","https://msrc.microsoft.com/update-guide/en-US/advisory/CVE-2025-29824"
"CVE-2025-32701","Microsoft","Windows","Memory Corruption","Windows Common Log File System Driver Elevation of Privilege Vulnerability","???","2025-05-13","https://msrc.microsoft.com/update-guide/vulnerability/CVE-2025-32701"
"CVE-2025-30397","Microsoft","Windows","Memory Corruption","Scripting Engine Memory Corruption Vulnerability","???","2025-05-13","https://msrc.microsoft.com/update-guide/vulnerability/CVE-2025-30397"
"CVE-2025-30400","Microsoft","Windows","Memory Corruption","Microsoft DWM Core Library Elevation of Privilege Vulnerability","???","2025-05-13","https://msrc.microsoft.com/update-guide/vulnerability/CVE-2025-30400"
"CVE-2025-32709","Microsoft","Windows","Memory Corruption","Windows Ancillary Function Driver for WinSock Elevation of Privilege Vulnerability","???","2025-05-13","https://msrc.microsoft.com/update-guide/vulnerability/CVE-2025-32709"
"CVE-2025-32706","Microsoft","Windows","Memory Corruption","Windows Common Log File System Driver Elevation of Privilege Vulnerability","???","2025-05-13","https://msrc.microsoft.com/update-guide/vulnerability/CVE-2025-32706"
"CVE-2025-43200","Apple","Message","Logic Error","Logic issue when processing photo or video","???","2025-06-11","https://support.apple.com/en-us/122174"
"CVE-2025-5419","Google","Chrome","Memory corruption","OOB write in V8","???","2025-06-02","https://chromereleases.googleblog.com/2025/06/stable-channel-update-for-desktop.html"
"CVE-2025-21479","Qualcomm","GPU","Memory corruption","Arbitrary physical write vulnerability","???","2025-06-02","https://docs.qualcomm.com/product/publicresources/securitybulletin/june-2025-bulletin.html"
"CVE-2025-21480","Qualcomm","GPU","Memory corruption","Arbitrary physical write vulnerability","???","2025-06-02","https://docs.qualcomm.com/product/publicresources/securitybulletin/june-2025-bulletin.html"
"CVE-2025-27038","Qualcomm","GPU","Memory corruption","UAF","???","2025-06-02","https://docs.qualcomm.com/product/publicresources/securitybulletin/june-2025-bulletin.html"
"CVE-2025-6554","Google","Chrome","Memory corruption","Type confusion in V8","???","2025-06-30","https://chromereleases.googleblog.com/2025/06/stable-channel-update-for-desktop_30.html"
"CVE-2025-33053","Microsoft","Windows","Logic Error","Internet Shortcut Files Remote Code Execution Vulnerability","???","2025-06-10","https://msrc.microsoft.com/update-guide/vulnerability/CVE-2025-33053"
"CVE-2025-6558","Google","Chrome","Memory corruption","Insufficient validation of untrusted input","???","2025-07-15","https://chromereleases.googleblog.com/2025/07/stable-channel-update-for-desktop_15.html"
"CVE-2025-53770","Microsoft","Sharepoint","Logic Error","Deserialization of untrusted data","???","2025-07-19","https://msrc.microsoft.com/update-guide/vulnerability/CVE-2025-53770"
"CVE-2025-43300","Apple","iOS","Memory corruption","Memory corruption in ImageIO","???","2025-08-20","https://support.apple.com/en-us/124925"
"CVE-2025-21043","Samsung","Samsung Mobile","Memory corruption","OOB write in libimagecodec.quram.so","???","2025-09-12","https://security.samsungmobile.com/securityUpdate.smsb"
"CVE-2025-55177","Meta","WhatsApp","Security Feature Bypass","Incomplete authorization of linked device synchronization messages ","???","2025-08-20","https://www.facebook.com/security/advisories/cve-2025-55177"
"CVE-2025-10585","Google","Chrome","Memory corruption","Type confusion in V8","???","2025-09-17","https://chromereleases.googleblog.com/2025/09/stable-channel-update-for-desktop_17.html"
"CVE-2025-38352","Google","Android","Memory corruption","Race condition in kernel","???","2025-09-01","https://source.android.com/security/bulletin/2025-09-01"
"CVE-2025-48543","Google","Android","Memory corruption","Deserialization of untrusted data in ART","???","2025-09-01","https://source.android.com/security/bulletin/2025-09-01"
"CVE-2025-59230","Microsoft","Windows","Logic Error","Improper access control","???","2025-10-14","https://msrc.microsoft.com/update-guide/vulnerability/CVE-2025-59230"
"CVE-2025-62215","Microsoft","Windows","Memory corruption","Race condition leading to double free in kernel","???","2025-11-11","https://msrc.microsoft.com/update-guide/vulnerability/CVE-2025-62215"
"CVE-2025-13223","Google","Chrome","Memory corruption","Type confusion in V8","???","2025-11-12","https://chromereleases.googleblog.com/2025/11/stable-channel-update-for-desktop_17.html"
"CVE-2025-43529","Apple","WebKit","Memory corruption","UAF","???","2025-12-12","https://support.apple.com/en-us/125884"
"CVE-2025-14174","Apple","WebKit","Memory corruption","OOB write in libangle","???","2025-12-12","https://support.apple.com/en-us/125884"
"CVE-2025-62221","Microsoft","Windows","Memory corruption","UAF in Windows Cloud Filter","???","2025-12-09","https://msrc.microsoft.com/update-guide/en-US/advisory/CVE-2025-62221"
"CVE-2026-20805","Microsoft","Windows","Information Disclosure","Desktop Window Manager Information Disclosure Vulnerability","???","2026-01-13","https://msrc.microsoft.com/update-guide/vulnerability/CVE-2026-20805"
"CVE-2026-21509","Microsoft","Office","Feature Bypass","Microsoft Office Security Feature Bypass Vulnerability","???","2026-01-26","https://msrc.microsoft.com/update-guide/vulnerability/CVE-2026-21509"
"CVE-2026-21510","Microsoft","Office","Feature Bypass","Microsoft Office Security Feature Bypass Vulnerability","???","2026-02-10","https://msrc.microsoft.com/update-guide/vulnerability/CVE-2026-21510"
"CVE-2026-21513","Microsoft","Office","Feature Bypass","Microsoft Office Security Feature Bypass Vulnerability","???","2026-02-10","https://msrc.microsoft.com/update-guide/vulnerability/CVE-2026-21513"
"CVE-2026-21514","Microsoft","Office","Feature Bypass","Microsoft Office Security Feature Bypass Vulnerability","???","2026-02-10","https://msrc.microsoft.com/update-guide/vulnerability/CVE-2026-21514"
"CVE-2026-21519","Microsoft","Windows","Memory Corruption","Desktop Window Manager Elevation of Privilege Vulnerability","???","2026-02-10","https://msrc.microsoft.com/update-guide/vulnerability/CVE-2026-21519"
"CVE-2026-21533","Microsoft","Windows","Memory Corruption","Windows Remote Desktop Services Elevation of Privilege Vulnerability","???","2026-02-10","https://msrc.microsoft.com/update-guide/vulnerability/CVE-2026-21533"
"CVE-2026-20700","Apple","iOS","PAC Bypass","Memory corruption in dyld","???","2026-02-11","https://support.apple.com/en-us/126346"
"CVE-2026-2441","Google","Chrome","Memory Corruption","Use after free in CSS","???","2026-02-13","https://chromereleases.googleblog.com/2026/02/stable-channel-update-for-desktop_13.html"
"CVE-2026-21385","Qualcomm","GPU","Memory Corruption","Memory corruption while using alignments for memory allocation.","???","2026-03-02","https://docs.qualcomm.com/securitybulletin/march-2026-bulletin.html"
"CVE-2026-3910","Google","Chrome","Memory Corruption","Inappropriate implementation in V8","","2026-03-12","https://chromereleases.googleblog.com/2026/03/stable-channel-update-for-desktop_12.html"
